date,state,daily,cummulative
5/1/23,WI,2013,12435150
5/1/23,DE,5,2169115
5/1/23,ND,160,1314295
5/1/23,MI,2831,18755821
5/1/23,WA,3746,17698105
5/1/23,DC,11,2137348
5/1/23,TN,962,11318142
5/1/23,NE,500,3820323
5/1/23,WV,231,3097113
5/1/23,MH,0,101838
5/1/23,NH,523,2982887
5/1/23,OR,2607,9386165
5/1/23,HI,1007,3524427
5/1/23,CO,1901,13023010
5/1/23,CA,15160,88388417
5/1/23,MO,1255,10500399
5/1/23,AS,0,115281
5/1/23,NC,2163,19422129
5/1/23,PW,0,51971
5/1/23,NM,661,4745481
5/1/23,GU,45,400023
5/1/23,MT,9,1870224
5/1/23,WY,71,853575
5/1/23,VA,3152,19592828
5/1/23,IL,3643,26831528
5/1/23,MN,2709,12818338
5/1/23,SD,204,1688092
5/1/23,LA,555,6958287
5/1/23,KY,795,7505162
5/1/23,US,90630,676198192
5/1/23,ID,358,2891731
5/1/23,UT,18,6158789
5/1/23,MD,2499,14705550
5/1/23,IA,701,6128088
5/1/23,OK,670,6769966
5/1/23,CT,1396,9032258
5/1/23,SC,1021,8661338
5/1/23,MP,13,118572
5/1/23,RI,387,2669850
5/1/23,VI,3,155330
5/1/23,FL,4847,42246097
5/1/23,AZ,2653,14634010
5/1/23,VT,382,1760670
5/1/23,FM,0,209225
5/1/23,OH,2461,21090185
5/1/23,TX,6910,52461080
5/1/23,ME,867,3537925
5/1/23,GA,1604,17117237
5/1/23,PA,1725,27577284
5/1/23,NJ,1755,19813436
5/1/23,AK,195,1327026
5/1/23,MA,3926,18158056
5/1/23,NV,794,5585793
5/1/23,IN,1290,11194803
5/1/23,AR,441,4871029
5/1/23,KS,611,5385164
5/1/23,PR,265,7845300
5/1/23,AL,462,7014681
5/1/23,MS,318,4306186
5/1/23,NY,5090,45144535
4/1/23,AS,0,115274
4/1/23,WI,178,12403437
4/1/23,MT,37,1866983
4/1/23,MH,1,101009
4/1/23,WY,11,852133
4/1/23,MA,616,18107884
4/1/23,FL,2080,42154340
4/1/23,PR,133,7838612
4/1/23,AL,126,7005726
4/1/23,IA,79,6114594
4/1/23,MI,451,18708661
4/1/23,PA,604,27539436
4/1/23,NJ,794,19780916
4/1/23,UT,125,6151206
4/1/23,PW,0,51962
4/1/23,LA,219,6947614
4/1/23,VI,0,155250
4/1/23,VT,28,1755616
4/1/23,AZ,539,14594953
4/1/23,NH,72,2975367
4/1/23,CO,446,12987736
4/1/23,OH,466,21048036
4/1/23,RI,88,2663762
4/1/23,DE,87,2164841
4/1/23,ND,5,1311387
4/1/23,NV,224,5573182
4/1/23,MD,405,14669980
4/1/23,ID,53,2885801
4/1/23,MO,237,10479061
4/1/23,MN,153,12778626
4/1/23,WA,688,17639566
4/1/23,NY,1355,45063230
4/1/23,GA,709,17084057
4/1/23,AK,30,1323774
4/1/23,NM,351,4734676
4/1/23,NC,501,19390694
4/1/23,MS,45,4299905
4/1/23,CT,326,9012856
4/1/23,MP,15,118147
4/1/23,DC,66,2133082
4/1/23,US,21795,674696382
4/1/23,AR,94,4863400
4/1/23,VA,596,19548363
4/1/23,SD,32,1685434
4/1/23,OK,129,6758330
4/1/23,IN,316,11172356
4/1/23,IL,990,26768396
4/1/23,GU,46,399068
4/1/23,KY,128,7491548
4/1/23,SC,189,8645335
4/1/23,CA,3254,88152159
4/1/23,NE,68,3811958
4/1/23,TN,238,11303040
4/1/23,FM,0,208817
4/1/23,HI,132,3511891
4/1/23,OR,236,9354285
4/1/23,TX,2794,52324126
4/1/23,ME,67,3526363
4/1/23,KS,105,5374762
4/1/23,WV,31,3093520
3/1/23,PA,2856,27480966
3/1/23,NV,500,5560678
3/1/23,MS,391,4292263
3/1/23,SD,250,1679747
3/1/23,NE,452,3802304
3/1/23,HI,368,3504232
3/1/23,NM,448,4723283
3/1/23,IN,1348,11147336
3/1/23,MD,1500,14635668
3/1/23,CT,887,8993874
3/1/23,RI,289,2657528
3/1/23,VT,200,1751138
3/1/23,NH,274,2969708
3/1/23,NJ,1707,19743711
3/1/23,MI,1953,18664791
3/1/23,WA,2335,17587079
3/1/23,ME,464,3516542
3/1/23,NY,3804,44978292
3/1/23,ID,261,2879966
3/1/23,AS,5,115239
3/1/23,UT,775,6136213
3/1/23,FM,157,208034
3/1/23,MP,23,117708
3/1/23,CA,10837,87904047
3/1/23,DE,225,2160376
3/1/23,WI,1894,12367697
3/1/23,US,71437,673110198
3/1/23,PR,537,7827279
3/1/23,MO,1177,10455137
3/1/23,AR,384,4855283
3/1/23,OR,1437,9324768
3/1/23,WV,245,3089518
3/1/23,NC,1972,19356305
3/1/23,AL,487,6995321
3/1/23,TN,554,11285115
3/1/23,VA,1920,19506028
3/1/23,OH,2376,21002137
3/1/23,CO,1702,12951459
3/1/23,PW,0,51813
3/1/23,LA,625,6935398
3/1/23,MH,9,99415
3/1/23,TX,5317,52185984
3/1/23,GA,1498,17047079
3/1/23,AK,143,1320590
3/1/23,DC,293,2127148
3/1/23,KY,681,7477073
3/1/23,VI,16,155070
3/1/23,AZ,1683,14554771
3/1/23,MN,1814,12736347
3/1/23,MA,2519,18052206
3/1/23,FL,3822,42063491
3/1/23,WY,79,850548
3/1/23,IL,2844,26703342
3/1/23,KS,476,5364249
3/1/23,OK,604,6745558
3/1/23,IA,730,6099994
3/1/23,GU,61,397417
3/1/23,SC,818,8627813
3/1/23,MT,179,1863602
3/1/23,ND,116,1307410
2/1/23,DC,387,2120429
2/1/23,KY,1002,7458082
2/1/23,IA,1035,6082129
2/1/23,AR,140,4845071
2/1/23,OR,1918,9290399
2/1/23,GU,87,395781
2/1/23,OK,609,6730822
2/1/23,KS,797,5351297
2/1/23,ND,311,1302618
2/1/23,SC,1194,8606049
2/1/23,LA,961,6920156
2/1/23,MN,2808,12688384
2/1/23,AZ,2325,14511966
2/1/23,NE,602,3791496
2/1/23,US,99647,671212866
2/1/23,PR,1133,7810122
2/1/23,MT,234,1859718
2/1/23,AS,4,115192
2/1/23,PA,4461,27405153
2/1/23,MD,2286,14593995
2/1/23,MH,68,98322
2/1/23,TX,4385,52034751
2/1/23,AL,791,6982409
2/1/23,NC,2992,19304178
2/1/23,MO,1450,10427266
2/1/23,NY,6014,44868361
2/1/23,ME,743,3504698
2/1/23,ID,367,2872802
2/1/23,HI,459,3495281
2/1/23,NM,731,4710731
2/1/23,OH,3304,20942419
2/1/23,CO,2400,12908367
2/1/23,PW,12,51751
2/1/23,IL,3834,26620331
2/1/23,NJ,2394,19696292
2/1/23,UT,974,6120071
2/1/23,MA,3489,17989046
2/1/23,WY,81,848978
2/1/23,FL,5353,41964086
2/1/23,MS,518,4282979
2/1/23,SD,420,1673554
2/1/23,CT,1336,8969969
2/1/23,NH,116,2961976
2/1/23,VT,298,1745763
2/1/23,FM,183,203965
2/1/23,MP,16,117102
2/1/23,TN,723,11264124
2/1/23,AK,207,1317109
2/1/23,GA,2319,17003778
2/1/23,NV,640,5547347
2/1/23,MI,2879,18618711
2/1/23,WA,3400,17525732
2/1/23,VI,14,154763
2/1/23,IN,1672,11118950
2/1/23,RI,453,2649703
2/1/23,CA,16346,87605664
2/1/23,DE,327,2154556
2/1/23,WV,283,3083753
2/1/23,WI,2506,12325773
2/1/23,VA,2726,19454190
1/1/23,US,9990,666962231
1/1/23,CT,43,8906421
1/1/23,UT,22,6085435
1/1/23,NC,161,19184367
1/1/23,OH,269,20814122
1/1/23,NE,54,3768553
1/1/23,IL,426,26453682
1/1/23,DC,36,2105664
1/1/23,MP,0,116054
1/1/23,TN,167,11213404
1/1/23,PR,115,7767333
1/1/23,GU,0,392904
1/1/23,CO,26,12820546
1/1/23,ID,29,2858291
1/1/23,PW,0,51410
1/1/23,NJ,201,19574345
1/1/23,TX,2037,51710251
1/1/23,MT,7,1849044
1/1/23,MN,121,12591517
1/1/23,GA,202,16908051
1/1/23,AR,61,4822120
1/1/23,OR,36,9216868
1/1/23,WA,411,17393843
1/1/23,MS,61,4262003
1/1/23,MI,223,18507583
1/1/23,KY,61,7417811
1/1/23,MH,0,97305
1/1/23,NM,84,4679558
1/1/23,AS,0,115079
1/1/23,MD,350,14490595
1/1/23,NV,102,5517245
1/1/23,WV,32,3070735
1/1/23,FM,2,199269
1/1/23,IN,178,11056237
1/1/23,WI,80,12235106
1/1/23,ND,2,1293183
1/1/23,DE,12,2140651
1/1/23,CA,819,86962193
1/1/23,NH,51,2943303
1/1/23,VI,0,154345
1/1/23,RI,39,2627594
1/1/23,HI,71,3476018
1/1/23,AL,216,6951250
1/1/23,KS,90,5320897
1/1/23,OK,114,6697709
1/1/23,LA,95,6885521
1/1/23,VT,8,1733014
1/1/23,AK,20,1309050
1/1/23,ME,20,3479408
1/1/23,NY,305,44597239
1/1/23,IA,135,6040185
1/1/23,SD,35,1661066
1/1/23,MA,164,17840803
1/1/23,MO,366,10367626
1/1/23,WY,2,847227
1/1/23,SC,100,8551520
1/1/23,AZ,305,14423563
1/1/23,FL,491,41745743
1/1/23,VA,511,19323072
1/1/23,PA,417,27229314
12/1/22,VT,1567,1710370
12/1/22,WI,9004,12066329
12/1/22,CO,9328,12728466
12/1/22,PW,102,51192
12/1/22,MD,9581,14302609
12/1/22,AS,64,114971
12/1/22,ND,1076,1279791
12/1/22,NH,2179,2904911
12/1/22,NM,3467,4619355
12/1/22,RI,1809,2595191
12/1/22,VI,85,153423
12/1/22,FM,307,195321
12/1/22,US,387984,659277438
12/1/22,VA,12867,19073780
12/1/22,MS,1579,4231841
12/1/22,ME,2871,3431803
12/1/22,MI,10878,18302321
12/1/22,IN,6127,10958255
12/1/22,KY,4249,7350621
12/1/22,PA,16643,26911161
12/1/22,MO,6743,10252043
12/1/22,SC,4136,8469398
12/1/22,WY,540,839687
12/1/22,ID,1487,2829073
12/1/22,AK,670,1297941
12/1/22,NY,23759,44107710
12/1/22,MH,14,96806
12/1/22,SD,1559,1643723
12/1/22,NV,2499,5462128
12/1/22,AZ,9460,14247646
12/1/22,OH,13576,20571142
12/1/22,UT,3598,6021329
12/1/22,PR,2989,7680635
12/1/22,CT,5491,8793997
12/1/22,NC,10129,18987673
12/1/22,MT,1347,1827843
12/1/22,IL,13440,26130155
12/1/22,WV,1346,3047820
12/1/22,HI,1600,3441472
12/1/22,NE,2445,3725046
12/1/22,IA,4693,5957756
12/1/22,WA,11061,17166242
12/1/22,MA,14779,17557855
12/1/22,GU,198,390047
12/1/22,TX,20515,51187208
12/1/22,NJ,9622,19354374
12/1/22,TN,4749,11126775
12/1/22,FL,16314,41373934
12/1/22,DC,1579,2077833
12/1/22,LA,2770,6833588
12/1/22,DE,1362,2114928
12/1/22,MP,45,115179
12/1/22,OR,7945,9085016
12/1/22,AR,2419,4779099
12/1/22,GA,8149,16742512
12/1/22,MN,10275,12412237
12/1/22,KS,3489,5259919
12/1/22,CA,60515,85662627
12/1/22,OK,3617,6633864
12/1/22,AL,2263,6901767
11/1/22,LA,4208,6755685
11/1/22,VT,3337,1665022
11/1/22,AR,4587,4705464
11/1/22,WY,978,825938
11/1/22,AK,1069,1278804
11/1/22,IA,7745,5819258
11/1/22,MD,15979,13991745
11/1/22,IN,12614,10807479
11/1/22,CO,16942,12405827
11/1/22,AL,5216,6818524
11/1/22,OK,5783,6531768
11/1/22,CA,81778,83831678
11/1/22,OR,12932,8841502
11/1/22,FL,26635,40885554
11/1/22,KS,6222,5153160
11/1/22,MT,2234,1791356
11/1/22,MO,11763,10047216
11/1/22,NC,17369,18665848
11/1/22,FM,148,190531
11/1/22,US,640148,647024640
11/1/22,DC,2361,2028702
11/1/22,GU,152,386529
11/1/22,VA,20115,18685364
11/1/22,DE,2538,2068925
11/1/22,NH,4124,2827719
11/1/22,NM,5527,4508764
11/1/22,AZ,12767,13996289
11/1/22,GA,13687,16513145
11/1/22,MN,19759,12067538
11/1/22,PA,28979,26364896
11/1/22,MA,22440,17091217
11/1/22,AS,7,114731
11/1/22,UT,7079,5919554
11/1/22,TN,9038,10975441
11/1/22,OH,22607,20141736
11/1/22,IL,28645,25571720
11/1/22,RI,3157,2538243
11/1/22,VI,33,152403
11/1/22,NE,4410,3649231
11/1/22,WI,19171,11767358
11/1/22,KY,7276,7227100
11/1/22,SC,8279,8337553
11/1/22,ID,3099,2775491
11/1/22,MP,27,114472
11/1/22,NY,30643,43372132
11/1/22,TX,35222,50512103
11/1/22,ND,1865,1253238
11/1/22,MH,42,94977
11/1/22,SD,2123,1603347
11/1/22,MS,2605,4186583
11/1/22,ME,4040,3337700
11/1/22,MI,17644,17952749
11/1/22,PW,24,50738
11/1/22,HI,2980,3383342
11/1/22,WA,24192,16727007
11/1/22,PR,3538,7618846
11/1/22,NJ,14776,19039550
11/1/22,NV,4442,5377192
11/1/22,CT,9066,8606746
11/1/22,WV,2689,3007019
10/1/22,MT,437,1722662
10/1/22,OH,13025,19452296
10/1/22,AS,0,114549
10/1/22,IN,4625,10524143
10/1/22,RI,1813,2444225
10/1/22,MD,10868,13469179
10/1/22,SD,477,1546774
10/1/22,SC,2894,8106079
10/1/22,MI,11675,17297328
10/1/22,MS,1107,4116906
10/1/22,ID,1386,2675215
10/1/22,MN,7255,11505894
10/1/22,ME,2969,3182204
10/1/22,NH,2466,2698607
10/1/22,CO,17709,11903345
10/1/22,IA,2826,5574862
10/1/22,NY,23200,42196976
10/1/22,IL,18709,24675944
10/1/22,MP,57,113590
10/1/22,LA,1849,6632198
10/1/22,PW,0,49930
10/1/22,PR,1620,7543883
10/1/22,AZ,8764,13604073
10/1/22,WY,359,798464
10/1/22,MA,14443,16363326
10/1/22,GA,8072,16102726
10/1/22,AK,885,1242346
10/1/22,CA,48676,81286063
10/1/22,OK,2799,6352607
10/1/22,VA,13837,18045178
10/1/22,HI,2563,3271583
10/1/22,NE,2238,3511627
10/1/22,DC,2030,1949005
10/1/22,UT,3046,5736539
10/1/22,NC,9628,18106337
10/1/22,FL,14465,40062042
10/1/22,VT,1691,1585631
10/1/22,KY,3552,7024129
10/1/22,MH,15,94371
10/1/22,TX,24739,49407870
10/1/22,PA,18129,25468168
10/1/22,US,379399,627301508
10/1/22,KS,2791,4973329
10/1/22,NV,3093,5240689
10/1/22,WI,6357,11259279
10/1/22,FM,51,183022
10/1/22,GU,15,381994
10/1/22,DE,1162,1994199
10/1/22,VI,37,151311
10/1/22,MO,5610,9699253
10/1/22,CT,5589,8294879
10/1/22,OR,6611,8581449
10/1/22,AR,1233,4570020
10/1/22,ND,409,1199645
10/1/22,NJ,10822,18543097
10/1/22,TN,5367,10705878
10/1/22,NM,3086,4338446
10/1/22,WV,1054,2926750
10/1/22,AL,2353,6669012
10/1/22,WA,16579,15997557
9/1/22,VT,294,1526633
9/1/22,TX,8363,48573815
9/1/22,ID,456,2618945
9/1/22,MN,3268,11139755
9/1/22,AL,870,6590866
9/1/22,MT,223,1682055
9/1/22,OH,3326,18985696
9/1/22,AS,21,114219
9/1/22,CT,844,8056640
9/1/22,CA,10682,79439892
9/1/22,MD,2628,13066629
9/1/22,NV,327,5145133
9/1/22,SC,1243,7964282
9/1/22,PW,0,49710
9/1/22,MO,1381,9488140
9/1/22,FL,4406,39502666
9/1/22,SD,394,1514941
9/1/22,ME,477,3077925
9/1/22,NE,824,3431195
9/1/22,DC,543,1874899
9/1/22,WI,1397,10987025
9/1/22,LA,1058,6557992
9/1/22,MS,440,4077699
9/1/22,OR,1577,8340953
9/1/22,AR,592,4489286
9/1/22,VA,2980,17564631
9/1/22,OK,847,6236303
9/1/22,IA,994,5434841
9/1/22,IL,4089,23997790
9/1/22,NY,7155,41286573
9/1/22,WY,96,783101
9/1/22,AK,255,1214273
9/1/22,IN,1606,10348433
9/1/22,RI,527,2378427
9/1/22,TN,1431,10509951
9/1/22,NM,664,4231429
9/1/22,UT,1039,5601084
9/1/22,HI,223,3176630
9/1/22,FM,455,175695
9/1/22,AZ,3213,13309327
9/1/22,NH,377,2625678
9/1/22,PR,518,7495255
9/1/22,MP,20,112557
9/1/22,MI,3182,16823197
9/1/22,PA,4329,24852463
9/1/22,GA,2414,15835591
9/1/22,GU,84,378725
9/1/22,WV,317,2870465
9/1/22,VI,15,150511
9/1/22,DE,294,1936867
9/1/22,NC,2260,17674792
9/1/22,CO,2291,11556145
9/1/22,WA,2837,15528402
9/1/22,ND,301,1168211
9/1/22,NJ,2795,18165320
9/1/22,US,98820,613387308
9/1/22,KY,1031,6878076
9/1/22,MH,234,90862
9/1/22,KS,1016,4865536
9/1/22,MA,2745,15817502
8/1/22,OR,2644,8273398
8/1/22,IN,4608,10278690
8/1/22,ME,1276,3050422
8/1/22,PA,9599,24632845
8/1/22,FM,767,161257
8/1/22,AS,61,113345
8/1/22,NE,1484,3397466
8/1/22,IL,10831,23780344
8/1/22,IA,2642,5382825
8/1/22,HI,995,3154336
8/1/22,NC,7582,17521189
8/1/22,UT,2660,5551277
8/1/22,VA,7017,17405139
8/1/22,VT,610,1512225
8/1/22,CT,2927,7994090
8/1/22,CA,34860,78725890
8/1/22,ND,687,1154166
8/1/22,PW,0,49554
8/1/22,GU,197,375680
8/1/22,WA,5858,15381384
8/1/22,AK,456,1203971
8/1/22,ID,1052,2598518
8/1/22,DC,1025,1851696
8/1/22,OK,2552,6188599
8/1/22,AL,2394,6544175
8/1/22,NY,12214,41041594
8/1/22,FL,11849,39272394
8/1/22,MD,5823,12930347
8/1/22,AR,1754,4454217
8/1/22,WY,294,777819
8/1/22,PR,1858,7452065
8/1/22,OH,7910,18812877
8/1/22,MA,5906,15677825
8/1/22,NH,848,2608430
8/1/22,AZ,5740,13200453
8/1/22,NM,1729,4193920
8/1/22,KS,2328,4820082
8/1/22,SC,3813,7893107
8/1/22,MT,518,1669632
8/1/22,TN,4131,10434376
8/1/22,GA,3618,15699138
8/1/22,MS,1767,4046898
8/1/22,RI,795,2359657
8/1/22,US,244054,608231492
8/1/22,MO,3871,9405082
8/1/22,CO,4985,11454412
8/1/22,MP,25,111724
8/1/22,TX,21622,48116616
8/1/22,MI,6582,16675481
8/1/22,KY,3126,6817282
8/1/22,NJ,5751,18030339
8/1/22,WI,5300,10876061
8/1/22,LA,2367,6509392
8/1/22,VI,54,150144
8/1/22,SD,995,1497121
8/1/22,DE,896,1918816
8/1/22,WV,1004,2850946
8/1/22,MN,5556,11017370
8/1/22,NV,1819,5110864
8/1/22,MH,306,84230
7/1/22,MD,7131,12739910
7/1/22,SC,3580,7784169
7/1/22,OH,7458,18562773
7/1/22,VA,8590,17171910
7/1/22,MH,71,79574
7/1/22,AZ,6681,13018539
7/1/22,NJ,7200,17833802
7/1/22,IL,11027,23453203
7/1/22,VT,712,1492691
7/1/22,FM,446,149028
7/1/22,NH,767,2583416
7/1/22,KY,2789,6724894
7/1/22,MP,48,110703
7/1/22,TX,25809,47390859
7/1/22,ID,1120,2567417
7/1/22,PW,42,49290
7/1/22,GU,105,372026
7/1/22,IA,2394,5309374
7/1/22,CO,7291,11295493
7/1/22,ME,1314,3014876
7/1/22,OR,4016,8174992
7/1/22,AK,539,1190159
7/1/22,KS,2485,4746932
7/1/22,CT,2768,7901225
7/1/22,AR,2021,4395620
7/1/22,MI,6423,16483246
7/1/22,FL,13539,38871231
7/1/22,NE,1711,3348306
7/1/22,US,281197,600491056
7/1/22,AS,43,112356
7/1/22,CA,47947,77587273
7/1/22,ND,482,1138592
7/1/22,SD,801,1473603
7/1/22,MN,5866,10861767
7/1/22,OK,2826,6104137
7/1/22,AL,2889,6459603
7/1/22,IN,4006,10177498
7/1/22,WI,5052,10728650
7/1/22,LA,2497,6437126
7/1/22,NY,12835,40671073
7/1/22,UT,2941,5480306
7/1/22,HI,1759,3115032
7/1/22,DC,1283,1820677
7/1/22,NV,1995,5051477
7/1/22,TN,4216,10307223
7/1/22,PR,2424,7405365
7/1/22,DE,770,1893742
7/1/22,PA,10253,24330459
7/1/22,WY,437,769564
7/1/22,MS,1705,3993082
7/1/22,NC,7917,17296790
7/1/22,NM,1891,4138265
7/1/22,MA,6537,15481121
7/1/22,GA,6858,15511593
7/1/22,WV,915,2822306
7/1/22,WA,8090,15181848
7/1/22,VI,26,149530
7/1/22,RI,841,2334687
7/1/22,MT,720,1650760
7/1/22,MO,4501,9273648
6/1/22,WV,1462,2795006
6/1/22,NJ,9495,17644025
6/1/22,FL,21046,38465820
6/1/22,NE,2315,3304166
6/1/22,CT,4675,7809931
6/1/22,KS,2837,4687387
6/1/22,OK,2648,6042125
6/1/22,CO,11243,11087991
6/1/22,NH,1425,2555186
6/1/22,US,376460,592925569
6/1/22,MO,5281,9152131
6/1/22,DC,1361,1788319
6/1/22,WY,413,760779
6/1/22,MS,1820,3949146
6/1/22,MD,9880,12544808
6/1/22,AS,50,111543
6/1/22,CA,58406,76389634
6/1/22,ND,849,1124147
6/1/22,PR,3376,7338290
6/1/22,DE,1460,1870427
6/1/22,GA,9020,15336157
6/1/22,WA,11652,14948277
6/1/22,NM,3502,4070744
6/1/22,MA,10940,15272193
6/1/22,RI,1191,2309780
6/1/22,AR,2280,4345615
6/1/22,MH,230,76958
6/1/22,VI,66,148702
6/1/22,AL,3032,6394520
6/1/22,LA,3668,6365535
6/1/22,AZ,8466,12845719
6/1/22,OH,10470,18354980
6/1/22,MT,1107,1631406
6/1/22,IN,5757,10064717
6/1/22,FM,77,141057
6/1/22,MP,28,109846
6/1/22,TX,25297,46796357
6/1/22,PA,16387,24030440
6/1/22,NY,18806,40285677
6/1/22,UT,3162,5416398
6/1/22,AK,631,1176832
6/1/22,IA,3284,5242533
6/1/22,MN,9372,10697366
6/1/22,VA,10685,16945082
6/1/22,ME,2390,2974302
6/1/22,OR,5908,8060581
6/1/22,PW,0,48313
6/1/22,SD,1124,1452796
6/1/22,NV,2675,4992725
6/1/22,KY,3663,6650441
6/1/22,ID,1639,2536028
6/1/22,GU,403,366079
6/1/22,TN,5121,10204341
6/1/22,SC,4650,7687994
6/1/22,WI,8605,10582126
6/1/22,NC,10747,17078683
6/1/22,IL,14514,23163813
6/1/22,VT,1111,1472850
6/1/22,HI,2639,3065220
6/1/22,MI,9225,16302209
5/1/22,KY,714,6549869
5/1/22,VI,0,146633
5/1/22,NJ,4594,17331503
5/1/22,FL,12633,37816677
5/1/22,CA,17880,74797539
5/1/22,PW,0,47828
5/1/22,HI,1066,2990095
5/1/22,OR,1799,7884044
5/1/22,ME,596,2892493
5/1/22,UT,548,5332790
5/1/22,IA,802,5146208
5/1/22,KS,864,4609106
5/1/22,CT,2410,7649411
5/1/22,OH,4094,18032966
5/1/22,AS,1,109861
5/1/22,GA,3415,15097492
5/1/22,ND,3,1109565
5/1/22,FM,148,133508
5/1/22,NE,579,3246132
5/1/22,AK,111,1160106
5/1/22,TX,10968,46105548
5/1/22,NY,9518,39674910
5/1/22,MI,3269,15999584
5/1/22,US,136347,582105667
5/1/22,DC,618,1748725
5/1/22,IN,1663,9918122
5/1/22,MT,152,1603277
5/1/22,WA,3162,14621895
5/1/22,NV,1238,4910067
5/1/22,DE,472,1828151
5/1/22,VA,4753,16617513
5/1/22,WV,260,2752523
5/1/22,LA,564,6273597
5/1/22,WI,1564,10356462
5/1/22,NC,3280,16767549
5/1/22,OK,865,5961093
5/1/22,PR,973,7237426
5/1/22,VT,278,1439964
5/1/22,MS,386,3894569
5/1/22,CO,2200,10867739
5/1/22,SD,128,1423828
5/1/22,NM,969,3987149
5/1/22,MD,4775,12233306
5/1/22,AZ,3846,12605309
5/1/22,MP,0,109186
5/1/22,MN,2009,10443717
5/1/22,WY,59,749173
5/1/22,AR,287,4283221
5/1/22,MH,139,74871
5/1/22,RI,696,2264025
5/1/22,GU,27,359116
5/1/22,IL,6086,22734990
5/1/22,MA,6067,14929292
5/1/22,TN,1800,10057158
5/1/22,SC,1307,7556267
5/1/22,MO,1405,8996595
5/1/22,AL,804,6311223
5/1/22,PA,5421,23556003
5/1/22,NH,712,2501929
5/1/22,ID,289,2494562
4/1/22,UT,4950,5273858
4/1/22,KY,5533,6431931
4/1/22,OK,6137,5849970
4/1/22,PA,27734,23003067
4/1/22,SC,7699,7405879
4/1/22,US,667267,568979449
4/1/22,MI,20756,15617143
4/1/22,MA,15561,14524260
4/1/22,IA,7639,5016873
4/1/22,GU,221,351878
4/1/22,ME,4765,2784522
4/1/22,AL,4997,6213798
4/1/22,TN,9477,9868954
4/1/22,TX,49769,45255230
4/1/22,NM,5051,3879734
4/1/22,AK,1797,1135238
4/1/22,WA,18904,14249362
4/1/22,FM,705,125959
4/1/22,CO,13709,10612674
4/1/22,SD,1796,1386921
4/1/22,MS,2215,3838345
4/1/22,ID,2832,2444372
4/1/22,DC,2644,1702523
4/1/22,IN,10981,9729194
4/1/22,MT,1466,1567953
4/1/22,OH,19709,17642300
4/1/22,NE,3677,3177167
4/1/22,NH,3155,2432777
4/1/22,CT,9886,7433745
4/1/22,CA,92908,72937085
4/1/22,FL,48036,36939291
4/1/22,DE,2698,1777162
4/1/22,VA,20679,16233873
4/1/22,WV,3277,2696367
4/1/22,PW,62,47553
4/1/22,OR,10249,7653401
4/1/22,MN,13035,10152165
4/1/22,AR,5962,4191301
4/1/22,MD,15621,11928289
4/1/22,MP,85,108062
4/1/22,AS,293,106306
4/1/22,MO,9450,8813323
4/1/22,VI,163,142446
4/1/22,ND,540,1095197
4/1/22,VT,1496,1398192
4/1/22,WY,837,734736
4/1/22,RI,2636,2209277
4/1/22,GA,14660,14812111
4/1/22,NY,37593,38831130
4/1/22,AZ,16475,12293234
4/1/22,KS,5771,4510252
4/1/22,PR,4715,7113532
4/1/22,LA,4853,6183445
4/1/22,MH,103,68879
4/1/22,IL,26856,22245833
4/1/22,NV,5745,4807748
4/1/22,WI,11788,10084841
4/1/22,NC,18435,16394492
4/1/22,NJ,19204,16943836
4/1/22,HI,3269,2903423
3/1/22,MP,41,106485
3/1/22,WY,375,727050
3/1/22,UT,2582,5206723
3/1/22,IN,4652,9613019
3/1/22,MT,639,1553340
3/1/22,SD,759,1368511
3/1/22,CO,5368,10492522
3/1/22,ID,1129,2416511
3/1/22,MS,1733,3799556
3/1/22,TN,4268,9767518
3/1/22,OR,3738,7563270
3/1/22,NM,2442,3826529
3/1/22,TX,23634,44602391
3/1/22,SC,3636,7321485
3/1/22,GA,6682,14640656
3/1/22,WV,953,2670547
3/1/22,VT,392,1386631
3/1/22,OH,6664,17457121
3/1/22,NV,2159,4747334
3/1/22,IL,11149,21980595
3/1/22,PA,9879,22778052
3/1/22,NC,6753,16208379
3/1/22,WI,4863,9976641
3/1/22,MN,4758,10037800
3/1/22,GU,238,347035
3/1/22,ND,306,1087146
3/1/22,DE,986,1754296
3/1/22,VA,6950,16050260
3/1/22,DC,1296,1675718
3/1/22,FL,15082,36512976
3/1/22,AR,1923,4141915
3/1/22,MO,3912,8720126
3/1/22,US,285236,562016477
3/1/22,OK,2639,5781725
3/1/22,NY,19308,38399564
3/1/22,VI,76,140927
3/1/22,AL,2273,6154057
3/1/22,MH,1,62480
3/1/22,NJ,9342,16731376
3/1/22,RI,1082,2182645
3/1/22,AK,512,1120175
3/1/22,WA,7285,14061011
3/1/22,ME,1172,2751448
3/1/22,IA,2000,4962166
3/1/22,CA,50951,71835784
3/1/22,KS,1912,4461525
3/1/22,PR,5535,7054336
3/1/22,AZ,7178,12117843
3/1/22,FM,198,112807
3/1/22,PW,61,47043
3/1/22,MA,7586,14348839
3/1/22,HI,1145,2872041
3/1/22,MI,5933,15453899
3/1/22,KY,2810,6364583
3/1/22,CT,3621,7329587
3/1/22,MD,6969,11770461
3/1/22,LA,1386,6114932
3/1/22,NH,684,2411192
3/1/22,NE,1329,3144102
3/1/22,AS,52,90810
2/1/22,TN,8652,9622945
2/1/22,OR,8802,7430241
2/1/22,MA,15329,14052086
2/1/22,MP,117,103579
2/1/22,NC,15272,15936253
2/1/22,MN,11401,9852246
2/1/22,PW,76,45043
2/1/22,US,623821,551133326
2/1/22,MH,88,55569
2/1/22,NY,49176,37401272
2/1/22,CO,10516,10315301
2/1/22,GA,14161,14396021
2/1/22,NM,4438,3747460
2/1/22,OK,6113,5697571
2/1/22,AS,259,86337
2/1/22,WI,11079,9808924
2/1/22,AR,3857,4085751
2/1/22,MO,7960,8601744
2/1/22,TX,50161,43686234
2/1/22,MS,3594,3739081
2/1/22,HI,3559,2816604
2/1/22,VT,1157,1372527
2/1/22,PR,16090,6837268
2/1/22,OH,15533,17219056
2/1/22,NE,2920,3096263
2/1/22,DE,2043,1717207
2/1/22,LA,6238,6019822
2/1/22,MI,14620,15235086
2/1/22,SC,6877,7200625
2/1/22,KY,5782,6271530
2/1/22,IL,30373,21500139
2/1/22,MD,14367,11519469
2/1/22,UT,6001,5114771
2/1/22,WA,16639,13769658
2/1/22,ME,2458,2713002
2/1/22,NV,4660,4651403
2/1/22,NJ,19441,16324071
2/1/22,RI,2270,2148141
2/1/22,VI,126,138584
2/1/22,FL,22307,35989161
2/1/22,AK,1046,1102346
2/1/22,CA,102996,70060435
2/1/22,DC,2122,1638597
2/1/22,IA,4196,4889733
2/1/22,IN,10251,9460792
2/1/22,GU,382,337925
2/1/22,ND,1054,1068674
2/1/22,AL,5304,6065714
2/1/22,CT,8203,7185889
2/1/22,NH,2257,2373202
2/1/22,ID,2263,2378013
2/1/22,SD,1255,1345191
2/1/22,WV,1718,2637072
2/1/22,PA,23265,22390164
2/1/22,KS,4485,4392684
2/1/22,FM,434,97964
2/1/22,AZ,15273,11853383
2/1/22,MT,1212,1533668
2/1/22,WY,623,716558
2/1/22,VA,15960,15782040
1/1/22,PA,5815,21217481
1/1/22,ME,938,2588554
1/1/22,HI,266,2633094
1/1/22,AR,1127,3908575
1/1/22,DE,498,1627096
1/1/22,MN,1064,9374101
1/1/22,WI,1386,9329848
1/1/22,LA,1249,5759667
1/1/22,FL,8850,34528580
1/1/22,MS,953,3573945
1/1/22,SD,211,1287318
1/1/22,FM,0,86967
1/1/22,RI,388,2030001
1/1/22,NV,1067,4400285
1/1/22,MT,197,1480987
1/1/22,MI,2075,14518554
1/1/22,WV,586,2554575
1/1/22,NE,843,2959691
1/1/22,NJ,2749,15391276
1/1/22,VT,162,1311699
1/1/22,OK,1421,5433346
1/1/22,GU,2,316293
1/1/22,ND,29,1026332
1/1/22,NC,4020,15239136
1/1/22,SC,2023,6878412
1/1/22,CA,8189,65379694
1/1/22,NH,800,2245849
1/1/22,MO,592,8197432
1/1/22,MP,0,97174
1/1/22,MD,4240,10869909
1/1/22,AK,87,1057992
1/1/22,NM,540,3538773
1/1/22,WA,4356,12983367
1/1/22,CO,1418,9838934
1/1/22,NY,5050,35226300
1/1/22,AL,1716,5812339
1/1/22,PR,110,6231524
1/1/22,CT,1536,6795638
1/1/22,VI,0,133105
1/1/22,KS,997,4179386
1/1/22,AZ,4752,11200395
1/1/22,PW,0,37760
1/1/22,TN,3369,9261747
1/1/22,TX,16102,41380589
1/1/22,UT,1606,4828125
1/1/22,KY,1258,6006020
1/1/22,IL,3838,20189116
1/1/22,AS,0,80475
1/1/22,MA,1802,13214941
1/1/22,GA,3831,13746268
1/1/22,IN,1090,8973383
1/1/22,OR,800,7025981
1/1/22,WY,101,690799
1/1/22,VA,8443,14970417
1/1/22,US,120312,521918004
1/1/22,ID,513,2282078
1/1/22,OH,3524,16401755
1/1/22,MH,0,50701
1/1/22,DC,470,1557820
1/1/22,IA,592,4702857
12/1/21,PA,99812,19291518
12/1/21,IN,43795,8263290
12/1/21,WY,2655,648756
12/1/21,HI,11402,2410485
12/1/21,KY,24030,5577707
12/1/21,MT,7004,1386477
12/1/21,PR,26995,5677180
12/1/21,UT,22756,4436927
12/1/21,AK,3986,995680
12/1/21,NY,148375,31721223
12/1/21,MH,148,48299
12/1/21,AL,22976,5409927
12/1/21,GU,1151,293607
12/1/21,OK,20845,5036031
12/1/21,IL,86462,18339127
12/1/21,NH,8553,2037182
12/1/21,MN,47445,8568999
12/1/21,OR,31864,6465104
12/1/21,WI,43269,8509875
12/1/21,RI,10540,1830068
12/1/21,WA,51192,11853051
12/1/21,AS,1707,71910
12/1/21,MA,61194,11864500
12/1/21,FL,134534,31990563
12/1/21,NE,13987,2713599
12/1/21,NV,14668,4056786
12/1/21,TN,36602,8606975
12/1/21,IA,21945,4320634
12/1/21,NM,16795,3256668
12/1/21,MD,48325,9879456
12/1/21,AZ,50816,10282357
12/1/21,ME,12403,2333844
12/1/21,SC,28573,6368683
12/1/21,CA,280586,59359280
12/1/21,VT,6921,1191860
12/1/21,KS,17792,3840367
12/1/21,FM,293,83948
12/1/21,GA,56655,12650915
12/1/21,CO,42107,9010281
12/1/21,MO,32847,7621005
12/1/21,PW,450,35474
12/1/21,US,2209329,477370837
12/1/21,VA,66044,13601934
12/1/21,ID,8989,2128353
12/1/21,AR,13578,3662931
12/1/21,NJ,63681,13901147
12/1/21,CT,31554,6124731
12/1/21,MP,417,83974
12/1/21,NC,61344,14030475
12/1/21,DE,6934,1497491
12/1/21,ND,5001,954951
12/1/21,OH,73964,14955255
12/1/21,VI,531,123499
12/1/21,DC,7316,1415413
12/1/21,WV,9500,2409387
12/1/21,MI,68556,13200903
12/1/21,TX,154529,38102778
12/1/21,LA,10199,5338962
12/1/21,SD,6080,1185209
12/1/21,MS,12790,3337306
11/1/21,MT,4942,1249433
11/1/21,PR,15194,5179148
11/1/21,VT,5655,1046601
11/1/21,FL,92799,29565534
11/1/21,IA,16653,3858955
11/1/21,WY,1924,589987
11/1/21,PA,70191,17328007
11/1/21,VA,51705,12250965
11/1/21,ID,7290,1940069
11/1/21,FM,147,79296
11/1/21,WA,35400,10750442
11/1/21,KY,17916,5070794
11/1/21,AR,10945,3365557
11/1/21,CT,20406,5516628
11/1/21,MP,292,73477
11/1/21,NE,9046,2436268
11/1/21,KS,12865,3460854
11/1/21,MO,23176,6949088
11/1/21,TN,28828,7931345
11/1/21,NV,11768,3730398
11/1/21,AK,2757,910010
11/1/21,ME,8864,2062661
11/1/21,SC,19627,5867786
11/1/21,CA,180667,53742426
11/1/21,SD,4914,1064266
11/1/21,NC,46352,12762979
11/1/21,DC,5867,1284031
11/1/21,IN,26080,7595623
11/1/21,NM,9816,2935591
11/1/21,OH,52842,13492855
11/1/21,ND,3542,854782
11/1/21,DE,5866,1363411
11/1/21,VI,67,114687
11/1/21,US,1506291,434188925
11/1/21,GU,743,270572
11/1/21,MD,38600,8900266
11/1/21,AZ,36848,9350236
11/1/21,HI,7252,2198221
11/1/21,RI,7312,1643638
11/1/21,MA,40818,10638449
11/1/21,AS,73,68045
11/1/21,PW,2,32539
11/1/21,MS,8989,3110578
11/1/21,IL,60226,16538028
11/1/21,MI,43691,11837524
11/1/21,UT,16011,3997478
11/1/21,WI,28156,7645179
11/1/21,OK,15310,4633495
11/1/21,MH,2,44585
11/1/21,NY,90284,28888129
11/1/21,AL,15818,5017420
11/1/21,MN,29415,7583632
11/1/21,OR,17036,5874925
11/1/21,LA,12929,4975182
11/1/21,GA,39543,11734225
11/1/21,WV,7128,2208652
11/1/21,NH,7285,1837727
11/1/21,CO,28726,8073436
11/1/21,NJ,42558,12635043
11/1/21,TX,98771,35309411
10/1/21,IN,25490,7102784
10/1/21,DC,3654,1198894
10/1/21,VI,333,108720
10/1/21,AK,5117,838261
10/1/21,MA,23449,9954495
10/1/21,MN,23604,7021896
10/1/21,AL,17025,4683195
10/1/21,NC,47814,11762971
10/1/21,OR,18646,5459832
10/1/21,AS,434,64774
10/1/21,ID,7929,1775019
10/1/21,PR,16295,4888184
10/1/21,MD,26065,8274115
10/1/21,GA,42715,10937065
10/1/21,NY,84058,26955093
10/1/21,VA,39173,11323747
10/1/21,NH,3581,1731784
10/1/21,US,1351288,404555441
10/1/21,MH,20,41987
10/1/21,IA,12235,3553141
10/1/21,IL,43206,15399083
10/1/21,SD,2048,977602
10/1/21,AZ,34018,8714092
10/1/21,PW,1,31986
10/1/21,WV,12158,2029979
10/1/21,LA,18809,4657041
10/1/21,CT,13121,5134987
10/1/21,DE,4348,1257959
10/1/21,UT,12110,3701272
10/1/21,FM,103,75536
10/1/21,WA,36670,9978620
10/1/21,NJ,31248,11832703
10/1/21,CA,145605,50353979
10/1/21,PA,52151,16039954
10/1/21,WY,2574,537588
10/1/21,KS,12823,3206955
10/1/21,VT,2929,955423
10/1/21,MI,32937,11006076
10/1/21,GU,1396,250103
10/1/21,ME,1886,1896720
10/1/21,TN,36154,7358118
10/1/21,OH,41205,12497527
10/1/21,RI,4963,1534088
10/1/21,HI,9516,2022226
10/1/21,TX,105455,33206377
10/1/21,MP,136,70359
10/1/21,WI,23238,7082680
10/1/21,AR,13907,3145823
10/1/21,KY,18247,4693768
10/1/21,NE,9476,2257322
10/1/21,FL,88078,27780537
10/1/21,ND,3930,777992
10/1/21,NV,11582,3484524
10/1/21,NM,8501,2707434
10/1/21,MT,4424,1145792
10/1/21,SC,22691,5428650
10/1/21,OK,18530,4306077
10/1/21,CO,24831,7485423
10/1/21,MO,22909,6487557
10/1/21,MS,9529,2921805
9/1/21,AR,10241,2930878
9/1/21,NY,61301,25345754
9/1/21,GA,39324,10080377
9/1/21,NE,5048,2144136
9/1/21,NC,31018,10944536
9/1/21,ME,3072,1818483
9/1/21,TN,26618,6771038
9/1/21,VT,859,926782
9/1/21,MI,16303,10548050
9/1/21,IN,14943,6727299
9/1/21,GU,824,230818
9/1/21,IA,6228,3388109
9/1/21,ID,4639,1635640
9/1/21,PA,25115,15329664
9/1/21,MS,12632,2672452
9/1/21,MD,15005,7881787
9/1/21,WY,1488,497587
9/1/21,DC,1759,1146088
9/1/21,MN,12906,6707636
9/1/21,MP,160,67371
9/1/21,WI,15000,6722649
9/1/21,FM,288,69388
9/1/21,IL,29282,14691750
9/1/21,KY,15205,4339571
9/1/21,NV,7639,3277142
9/1/21,AS,692,58588
9/1/21,AZ,20168,8241228
9/1/21,PW,139,29878
9/1/21,SC,18698,4966422
9/1/21,ND,2336,722992
9/1/21,FL,90027,25925640
9/1/21,VA,22912,10719675
9/1/21,MA,13074,9589852
9/1/21,PR,13456,4610805
9/1/21,MO,14193,6139793
9/1/21,UT,9821,3467138
9/1/21,CT,8197,4909962
9/1/21,CO,14910,7113464
9/1/21,WA,18194,9419915
9/1/21,OH,22197,11881927
9/1/21,MH,29,40432
9/1/21,MT,2661,1076538
9/1/21,DE,2410,1200429
9/1/21,CA,99644,47840326
9/1/21,NJ,24404,11254109
9/1/21,LA,11003,4337701
9/1/21,WV,4461,1885897
9/1/21,US,953481,381382994
9/1/21,OR,10832,5174409
9/1/21,RI,2973,1464733
9/1/21,TX,101884,31003335
9/1/21,HI,5756,1878322
9/1/21,SD,2462,920409
9/1/21,OK,13634,3977107
9/1/21,NM,5124,2574397
9/1/21,NH,1458,1681277
9/1/21,AK,1734,782402
9/1/21,KS,8077,3028073
9/1/21,VI,420,101897
9/1/21,AL,19073,4286556
8/1/21,AK,305,742859
8/1/21,PR,2026,4293146
8/1/21,MO,5775,5682609
8/1/21,IA,1646,3222174
8/1/21,NC,9885,10122932
8/1/21,KY,3630,4002265
8/1/21,HI,1160,1762856
8/1/21,FM,350,59816
8/1/21,SD,346,867136
8/1/21,OH,7365,11334055
8/1/21,NJ,9161,10619112
8/1/21,MA,5280,9248507
8/1/21,VI,8,90827
8/1/21,RI,937,1398251
8/1/21,DE,787,1138978
8/1/21,MD,7195,7485611
8/1/21,MS,3430,2321585
8/1/21,WI,2924,6403307
8/1/21,ME,721,1743825
8/1/21,MN,2870,6404958
8/1/21,DC,618,1099740
8/1/21,FL,45413,23518208
8/1/21,CT,2470,4675685
8/1/21,CO,5691,6758726
8/1/21,ND,138,681515
8/1/21,TN,9239,6175436
8/1/21,GU,6,213609
8/1/21,PW,0,27329
8/1/21,MH,0,37900
8/1/21,ID,998,1522591
8/1/21,WY,169,463319
8/1/21,OR,2274,4928579
8/1/21,MT,438,1021701
8/1/21,IL,11910,13954194
8/1/21,AL,6530,3752228
8/1/21,LA,6339,3794272
8/1/21,NM,1245,2424163
8/1/21,OK,4374,3599982
8/1/21,AZ,9908,7733917
8/1/21,MP,12,61726
8/1/21,NV,4473,3036204
8/1/21,GA,15114,9139512
8/1/21,NY,21137,23836195
8/1/21,NE,1755,2019151
8/1/21,IN,5661,6347949
8/1/21,MI,4740,10116372
8/1/21,PA,8185,14639214
8/1/21,NH,532,1647265
8/1/21,AS,0,53515
8/1/21,TX,40211,28145892
8/1/21,US,339729,356377861
8/1/21,WV,986,1784264
8/1/21,UT,2351,3214339
8/1/21,VA,9648,10132319
8/1/21,CA,29835,45093488
8/1/21,KS,2635,2815105
8/1/21,WA,4961,8967453
8/1/21,VT,247,905355
8/1/21,AR,3067,2583179
8/1/21,SC,8183,4522525
7/1/21,TN,11156,5868631
7/1/21,WI,9476,6207590
7/1/21,VI,220,83702
7/1/21,DC,1631,1064319
7/1/21,MN,8831,6218104
7/1/21,FM,307,53419
7/1/21,US,617692,340134935
7/1/21,WV,2710,1730798
7/1/21,ME,2163,1699953
7/1/21,SC,7677,4289569
7/1/21,VT,813,889578
7/1/21,MT,1331,990507
7/1/21,MD,13562,7178599
7/1/21,GA,18385,8603272
7/1/21,IA,3759,3121007
7/1/21,AK,998,717872
7/1/21,NM,4195,2336742
7/1/21,CA,78197,43057892
7/1/21,AL,6757,3501848
7/1/21,WY,757,444242
7/1/21,HI,3208,1690137
7/1/21,PR,11402,4070181
7/1/21,MO,9966,5330475
7/1/21,AZ,15475,7360298
7/1/21,KY,5886,3828123
7/1/21,AR,5321,2363074
7/1/21,MP,235,55963
7/1/21,UT,6369,3047402
7/1/21,NV,5926,2849853
7/1/21,NE,2957,1943200
7/1/21,SD,1193,835237
7/1/21,IN,10078,6082978
7/1/21,OR,7443,4775926
7/1/21,OH,15074,10991150
7/1/21,NJ,20818,10135297
7/1/21,LA,7326,3504748
7/1/21,ND,1247,658945
7/1/21,RI,1777,1349553
7/1/21,WA,15351,8644526
7/1/21,FL,46983,22043936
7/1/21,NC,16907,9666242
7/1/21,AS,94,48589
7/1/21,NY,42022,22794339
7/1/21,PA,21236,14157320
7/1/21,NH,1265,1620634
7/1/21,PW,5,25702
7/1/21,KS,4858,2681134
7/1/21,TX,57986,26427775
7/1/21,IL,24199,13375729
7/1/21,VA,17528,9715647
7/1/21,GU,583,201150
7/1/21,CT,6306,4509425
7/1/21,MS,4721,2147926
7/1/21,MI,13561,9810682
7/1/21,MH,37,35655
7/1/21,CO,11403,6501380
7/1/21,DE,2139,1094499
7/1/21,MA,12240,8976270
7/1/21,ID,2368,1463198
7/1/21,OK,5546,3398309
6/1/21,WY,1180,419233
6/1/21,PR,20400,3688684
6/1/21,MO,14833,5009334
6/1/21,RI,4729,1253502
6/1/21,IN,25826,5665501
6/1/21,LA,9789,3293585
6/1/21,NM,6431,2173558
6/1/21,HI,6191,1557544
6/1/21,GU,1002,180371
6/1/21,CT,14231,4201967
6/1/21,MS,5118,2022167
6/1/21,KY,10301,3586339
6/1/21,VT,5004,830315
6/1/21,MA,40636,8344164
6/1/21,ND,1717,626667
6/1/21,TX,104987,24263375
6/1/21,OH,31814,10317362
6/1/21,NJ,53104,9268582
6/1/21,TN,20978,5514806
6/1/21,MD,29987,6590431
6/1/21,NV,11109,2634077
6/1/21,UT,11205,2815037
6/1/21,MP,281,49134
6/1/21,AR,6262,2219708
6/1/21,MI,31523,9195366
6/1/21,MH,265,32971
6/1/21,MT,2800,943390
6/1/21,AZ,25417,6853354
6/1/21,PW,2,24652
6/1/21,AS,31,44330
6/1/21,NY,87792,20992328
6/1/21,DC,3146,1004481
6/1/21,FM,227,46389
6/1/21,AK,2356,674849
6/1/21,CA,176292,39680465
6/1/21,ID,4772,1373405
6/1/21,OK,8510,3205666
6/1/21,WV,3680,1638508
6/1/21,US,1288397,315286109
6/1/21,FL,91429,20252632
6/1/21,GA,38664,8019698
6/1/21,WA,37818,7955953
6/1/21,CO,25498,6017354
6/1/21,DE,4048,1012811
6/1/21,IA,7288,2949819
6/1/21,NE,4770,1832936
6/1/21,PA,58052,13174952
6/1/21,NH,8311,1508313
6/1/21,VI,567,77124
6/1/21,SC,14685,4002121
6/1/21,SD,1897,795176
6/1/21,WI,17879,5853805
6/1/21,MN,19823,5836016
6/1/21,KS,8046,2524278
6/1/21,VA,38854,8951712
6/1/21,IL,50828,12351781
6/1/21,OR,20347,4393457
6/1/21,NC,30362,9032948
6/1/21,ME,6127,1589847
6/1/21,AL,9063,3278651
5/1/21,AR,5955,1988912
5/1/21,RI,11043,1017375
5/1/21,PW,2,20608
5/1/21,PA,86085,10957879
5/1/21,WI,28058,5093081
5/1/21,IN,29830,4777226
5/1/21,AL,11859,2837049
5/1/21,NC,46138,7913495
5/1/21,WA,64186,6387902
5/1/21,GA,49498,6852270
5/1/21,CA,259932,32615367
5/1/21,DC,7092,841379
5/1/21,OR,35589,3448665
5/1/21,CT,30706,3458079
5/1/21,MI,49614,7780768
5/1/21,VI,84,67933
5/1/21,MN,27671,4900019
5/1/21,KS,8951,2251197
5/1/21,GU,1649,151228
5/1/21,US,1873118,265082725
5/1/21,FL,123860,16875727
5/1/21,ID,5114,1207303
5/1/21,KY,6726,3174362
5/1/21,NE,10076,1606310
5/1/21,TX,151275,20489762
5/1/21,UT,13344,2371205
5/1/21,OK,7196,2919614
5/1/21,HI,9978,1284767
5/1/21,FM,74,36748
5/1/21,OH,49335,9023652
5/1/21,IA,14018,2557162
5/1/21,MO,21433,4400807
5/1/21,AZ,34281,5983750
5/1/21,NY,138374,17444808
5/1/21,AS,28,39933
5/1/21,MS,3265,1836780
5/1/21,ND,273,576993
5/1/21,WY,501,378577
5/1/21,NH,15732,1205421
5/1/21,MT,1672,848229
5/1/21,ME,11784,1311896
5/1/21,NJ,68579,7561265
5/1/21,NV,17510,2221430
5/1/21,AK,1252,614041
5/1/21,LA,7961,2975544
5/1/21,MH,118,29828
5/1/21,SC,16513,3497962
5/1/21,MP,417,40925
5/1/21,MA,68102,6619191
5/1/21,NM,7596,1893974
5/1/21,PR,14401,2933140
5/1/21,MD,49995,5294752
5/1/21,VA,64551,7388703
5/1/21,IL,69244,10346282
5/1/21,WV,4497,1490550
5/1/21,VT,6398,649531
5/1/21,CO,57939,4956459
5/1/21,SD,1740,727605
5/1/21,TN,26736,4826358
5/1/21,DE,8578,857125
4/1/21,AL,47938,1963670
4/1/21,CA,514663,21114526
4/1/21,AZ,96261,4301674
4/1/21,AS,66,32515
4/1/21,NY,303372,11489393
4/1/21,OK,47418,2251124
4/1/21,ND,11163,453704
4/1/21,MS,29599,1402698
4/1/21,HI,19456,853480
4/1/21,US,4581777,177076502
4/1/21,ID,19476,870834
4/1/21,NC,156765,5588563
4/1/21,GA,131414,4426151
4/1/21,OH,178028,6150727
4/1/21,SD,14939,544032
4/1/21,NV,30162,1485425
4/1/21,AK,7761,492611
4/1/21,CO,80818,3130522
4/1/21,FM,186,26796
4/1/21,IN,80785,3340339
4/1/21,MP,0,28980
4/1/21,MA,98780,4008310
4/1/21,MI,143433,5120807
4/1/21,WA,94714,4160148
4/1/21,GU,2039,101455
4/1/21,ME,22027,816605
4/1/21,WI,99240,3477049
4/1/21,PA,182908,7194496
4/1/21,VI,1007,52286
4/1/21,MN,103590,3265380
4/1/21,CT,58071,2190989
4/1/21,IL,169510,6767712
4/1/21,OR,50445,2162470
4/1/21,IA,47624,1746490
4/1/21,MO,73740,3064696
4/1/21,LA,49840,2292560
4/1/21,FL,266967,11196318
4/1/21,NM,33594,1386609
4/1/21,PR,32046,1850000
4/1/21,MT,15875,622054
4/1/21,NH,16714,714693
4/1/21,WV,36207,1123447
4/1/21,NJ,129854,4772406
4/1/21,KS,44164,1589279
4/1/21,DC,14669,540063
4/1/21,MH,260,25563
4/1/21,SC,67124,2467045
4/1/21,TX,392048,13856407
4/1/21,RI,18343,656952
4/1/21,UT,42926,1608045
4/1/21,DE,14940,550590
4/1/21,TN,96580,3390919
4/1/21,VT,10378,406139
4/1/21,PW,53,13589
4/1/21,AR,39880,1443773
4/1/21,WY,7089,294738
4/1/21,VA,126569,4757206
4/1/21,KY,61459,2306246
4/1/21,NE,35172,1108921
4/1/21,MD,97689,3258308
3/1/21,TX,175097,6876775
3/1/21,IN,42983,1899238
3/1/21,MN,29967,1674950
3/1/21,VI,792,27401
3/1/21,PW,2,8254
3/1/21,VA,54407,2479336
3/1/21,AR,14786,784357
3/1/21,DE,6332,278402
3/1/21,WV,4756,623187
3/1/21,AZ,69473,2326677
3/1/21,OK,23917,1292389
3/1/21,MS,21537,762734
3/1/21,RI,7902,315857
3/1/21,MI,39064,2635214
3/1/21,ND,2614,248451
3/1/21,CA,262494,10563170
3/1/21,OR,20015,1156695
3/1/21,MO,37642,1570495
3/1/21,WI,39999,1720799
3/1/21,IL,82236,3312956
3/1/21,SD,5268,299800
3/1/21,WY,2928,170704
3/1/21,VT,4665,197162
3/1/21,MA,55105,2006418
3/1/21,UT,19869,820598
3/1/21,GA,61276,2172851
3/1/21,NE,10952,561708
3/1/21,NH,4960,337212
3/1/21,NV,13955,785694
3/1/21,GU,195,63172
3/1/21,MT,5343,339013
3/1/21,FM,695,16300
3/1/21,ID,10482,468707
3/1/21,KY,22407,1177995
3/1/21,AL,30252,1050744
3/1/21,MD,46487,1590402
3/1/21,CT,24593,1113263
3/1/21,IA,14280,835842
3/1/21,NY,139395,5566424
3/1/21,PA,79247,3452571
3/1/21,CO,38095,1653220
3/1/21,MH,339,14989
3/1/21,HI,8909,463821
3/1/21,WA,42819,2140417
3/1/21,NJ,61118,2301897
3/1/21,OH,57859,3038927
3/1/21,NM,10539,781992
3/1/21,US,2097845,90330534
3/1/21,PR,24655,901480
3/1/21,FL,151427,6008058
3/1/21,SC,23518,1286393
3/1/21,LA,24114,1240630
3/1/21,AK,3526,308197
3/1/21,AS,561,23621
3/1/21,KS,14687,773515
3/1/21,MP,311,18946
3/1/21,TN,60976,1752273
3/1/21,ME,7181,400095
3/1/21,DC,7657,305331
3/1/21,NC,61392,2889288
2/1/21,MA,34328,781331
2/1/21,OH,54445,1274141
2/1/21,SC,27420,554898
2/1/21,LA,18647,569150
2/1/21,GU,610,34459
2/1/21,US,1418713,39485009
2/1/21,WV,4299,332001
2/1/21,MD,16646,666994
2/1/21,NM,10606,376436
2/1/21,TN,47321,853472
2/1/21,ND,2380,117350
2/1/21,CA,172107,4200902
2/1/21,OR,16892,528229
2/1/21,IL,53636,1260659
2/1/21,MS,14588,318047
2/1/21,OK,20876,625492
2/1/21,RI,2323,125909
2/1/21,CO,23703,735829
2/1/21,AK,3449,151278
2/1/21,AS,296,11385
2/1/21,VI,604,12063
2/1/21,DE,3361,131487
2/1/21,NJ,10106,910974
2/1/21,NH,6163,150459
2/1/21,NE,8697,252570
2/1/21,GA,49053,1017205
2/1/21,UT,12509,372057
2/1/21,PW,64,3192
2/1/21,WA,33280,966211
2/1/21,VA,28789,1122428
2/1/21,MN,22949,706538
2/1/21,CT,6159,506229
2/1/21,PA,39565,1498035
2/1/21,PR,14854,403366
2/1/21,TX,127533,3249552
2/1/21,IN,37580,904337
2/1/21,MT,4307,152357
2/1/21,VT,3203,92349
2/1/21,DC,4157,146207
2/1/21,HI,8393,221657
2/1/21,NY,43900,2433635
2/1/21,MI,39731,1177731
2/1/21,MO,23964,676623
2/1/21,AZ,47821,930275
2/1/21,MP,260,10445
2/1/21,ME,6333,174348
2/1/21,ID,9109,191407
2/1/21,WI,35945,684752
2/1/21,WY,2115,73207
2/1/21,SD,4615,140002
2/1/21,MH,209,4686
2/1/21,FM,662,6155
2/1/21,IA,13598,318255
2/1/21,KS,11894,325039
2/1/21,NV,8377,325283
2/1/21,KY,17501,531268
2/1/21,FL,131050,2866275
2/1/21,AL,18905,424500
2/1/21,AR,11430,392999
2/1/21,NC,39345,1261882
1/1/21,NM,1448,65066
1/1/21,SD,92,31428
1/1/21,WA,2669,129525
1/1/21,FM,0,149
1/1/21,VA,16313,158859
1/1/21,FL,18069,324954
1/1/21,MI,3349,164326
1/1/21,UT,1166,63753
1/1/21,NJ,2032,117903
1/1/21,ID,506,29520
1/1/21,AZ,10265,132257
1/1/21,TN,12336,176747
1/1/21,DC,592,23872
1/1/21,MN,740,108270
1/1/21,PW,0,1
1/1/21,MT,847,31285
1/1/21,PR,26,73631
1/1/21,AK,206,23954
1/1/21,IA,328,61490
1/1/21,OK,823,90966
1/1/21,NY,5513,357435
1/1/21,AL,1487,52016
1/1/21,KY,1901,79092
1/1/21,AS,0,1083
1/1/21,CO,1063,136689
1/1/21,IL,3374,216296
1/1/21,US,137862,5854174
1/1/21,NH,140,27635
1/1/21,SC,249,61202
1/1/21,DE,858,17296
1/1/21,GU,4,5581
1/1/21,TX,12975,551879
1/1/21,NV,68,42805
1/1/21,NC,566,142376
1/1/21,NE,1403,52683
1/1/21,MH,0,408
1/1/21,MD,5036,85231
1/1/21,GA,6109,122211
1/1/21,MA,722,130823
1/1/21,OH,4392,195500
1/1/21,WV,615,66964
1/1/21,CT,750,83631
1/1/21,VT,94,19500
1/1/21,MO,649,115970
1/1/21,PA,3451,219234
1/1/21,MS,881,31584
1/1/21,WI,270,92599
1/1/21,RI,375,26450
1/1/21,HI,64,36874
1/1/21,IN,2637,134178
1/1/21,WY,45,9854
1/1/21,OR,1370,72530
1/1/21,ND,156,25551
1/1/21,KS,863,57219
1/1/21,AR,961,59361
1/1/21,MP,0,3053
1/1/21,LA,470,62960
1/1/21,VI,4,1525
1/1/21,ME,304,36122
1/1/21,CA,5807,585717